,MES_ANO,STATUS,ESTADO,TAMANHO_TEXTO
0,02/2016,Resolvido,CE,593
1,03/2016,Em réplica,MG,776
2,03/2016,Respondida,CE,1240
3,04/2016,Em réplica,CE,1973
4,05/2016,Respondida,CE,317
5,05/2016,Em réplica,MG,648
6,06/2016,Resolvido,CE,2768
7,06/2016,Em réplica,CE,758
8,06/2016,Resolvido,SP,416
9,07/2016,Não resolvido,CE,302
10,08/2016,Respondida,CE,1638
11,08/2016,Resolvido,CE,526
12,08/2016,Resolvido,CE,616
13,09/2016,Respondida,CE,2578
14,09/2016,Resolvido,CE,483
15,09/2016,Resolvido,CE,402
16,09/2016,Não resolvido,RN,1309
17,09/2016,Resolvido,CE,446
18,09/2016,Resolvido,CE,352
19,09/2016,Resolvido,CE,1298
20,09/2016,Resolvido,CE,754
21,09/2016,Resolvido,CE,621
22,09/2016,Resolvido,CE,413
23,09/2016,Resolvido,CE,306
24,09/2016,Respondida,CE,1497
25,09/2016,Não resolvido,CE,937
26,09/2016,Respondida,CE,832
27,09/2016,Resolvido,CE,255
28,09/2016,Resolvido,CE,758
29,09/2016,Resolvido,CE,132
30,09/2016,Resolvido,CE,269
31,09/2016,Resolvido,CE,480
32,10/2016,Respondida,CE,377
33,10/2016,Respondida,PE,512
34,10/2016,Respondida,CE,385
35,10/2016,Resolvido,PI,2560
36,10/2016,Em réplica,CE,3069
37,10/2016,Não resolvido,RN,1265
38,10/2016,Em réplica,CE,1511
39,10/2016,Respondida,CE,794
40,10/2016,Não resolvido,RN,425
41,10/2016,Resolvido,CE,1919
42,10/2016,Respondida,PE,170
43,10/2016,Respondida,CE,1319
44,11/2016,Respondida,PR,262
45,11/2016,Respondida,PE,1769
46,11/2016,Respondida,CE,823
47,11/2016,Resolvido,CE,1301
48,11/2016,Respondida,PI,774
49,11/2016,Respondida,PE,1282
50,11/2016,Resolvido,CE,381
51,11/2016,Respondida,RN,826
52,12/2016,Resolvido,CE,306
53,12/2016,Resolvido,CE,1379
54,12/2016,Respondida,CE,2075
55,12/2016,Respondida,CE,569
56,12/2016,Em réplica,MG,770
57,12/2016,Respondida,CE,661
58,12/2016,Respondida,PA,461
59,12/2016,Respondida,MG,309
60,12/2016,Respondida,CE,712
61,12/2016,Respondida,CE,646
62,12/2016,Respondida,GO,347
63,12/2016,Respondida,CE,1059
64,12/2016,Respondida,CE,2627
65,12/2016,Não resolvido,CE,1289
66,12/2016,Resolvido,SP,344
67,12/2016,Em réplica,CE,1474
68,12/2016,Respondida,SP,439
69,01/2017,Não resolvido,RN,2371
70,01/2017,Respondida,CE,299
71,01/2017,Respondida,CE,474
72,01/2017,Resolvido,CE,974
73,01/2017,Respondida,CE,980
74,01/2017,Respondida,CE,340
75,01/2017,Respondida,MA,271
76,01/2017,Em réplica,CE,647
77,01/2017,Respondida,PI,1421
78,01/2017,Respondida,PE,962
79,01/2017,Resolvido,CE,625
80,01/2017,Respondida,CE,674
81,01/2017,Não resolvido,CE,4112
82,01/2017,Não resolvido,PE,1096
83,01/2017,Respondida,RN,3473
84,01/2017,Em réplica,SP,319
85,02/2017,Respondida,CE,2619
86,02/2017,Respondida,CE,1020
87,02/2017,Em réplica,PR,596
88,02/2017,Resolvido,GO,1450
89,02/2017,Respondida,SP,247
90,02/2017,Em réplica,CE,1445
91,02/2017,Respondida,MT,1331
92,02/2017,Respondida,RS,292
93,02/2017,Respondida,CE,172
94,02/2017,Não resolvido,CE,890
95,02/2017,Respondida,MA,345
96,02/2017,Não resolvido,CE,328
97,02/2017,Respondida,CE,1041
98,03/2017,Respondida,CE,53
99,03/2017,Respondida,CE,1071
100,03/2017,Não resolvido,CE,2954
101,03/2017,Respondida,CE,590
102,03/2017,Não resolvido,CE,1008
103,03/2017,Não resolvido,CE,1913
104,03/2017,Respondida,CE,691
105,03/2017,Respondida,CE,103
106,03/2017,Respondida,CE,1039
107,03/2017,Respondida,CE,523
108,03/2017,Respondida,CE,1352
109,03/2017,Em réplica,CE,987
110,03/2017,Respondida,CE,939
111,03/2017,Resolvido,SP,218
112,03/2017,Resolvido,RN,606
113,03/2017,Resolvido,CE,429
114,03/2017,Resolvido,CE,935
115,03/2017,Não resolvido,CE,445
116,03/2017,Respondida,CE,2284
117,04/2017,Em réplica,CE,1595
118,04/2017,Respondida,RN,400
119,04/2017,Não resolvido,RS,1112
120,04/2017,Respondida,CE,301
121,04/2017,Respondida,CE,4078
122,04/2017,Respondida,CE,862
123,04/2017,Resolvido,CE,829
124,04/2017,Resolvido,CE,649
125,04/2017,Não resolvido,MA,1056
126,04/2017,Respondida,CE,1465
127,04/2017,Resolvido,RN,1149
128,05/2017,Em réplica,CE,1984
129,05/2017,Respondida,CE,1303
130,05/2017,Respondida,CE,1460
131,05/2017,Não resolvido,CE,356
132,05/2017,Não resolvido,CE,648
133,05/2017,Não resolvido,PE,434
134,05/2017,Não resolvido,MA,2855
135,05/2017,Não resolvido,MG,937
136,05/2017,Respondida,RJ,391
137,05/2017,Respondida,MG,554
138,05/2017,Respondida,CE,2507
139,05/2017,Respondida,CE,1834
140,05/2017,Respondida,RN,408
141,05/2017,Respondida,CE,774
142,05/2017,Respondida,CE,3801
143,05/2017,Respondida,MA,493
144,05/2017,Resolvido,MA,95
145,06/2017,Em réplica,PA,486
146,06/2017,Respondida,CE,1382
147,06/2017,Em réplica,SP,358
148,06/2017,Resolvido,AP,165
149,06/2017,Respondida,CE,569
150,06/2017,Respondida,PE,501
151,06/2017,Não resolvido,CE,1690
152,06/2017,Respondida,PI,678
153,06/2017,Respondida,CE,428
154,06/2017,Respondida,MA,597
155,06/2017,Não resolvido,RJ,293
156,06/2017,Não resolvido,PI,603
157,06/2017,Respondida,CE,406
158,06/2017,Respondida,RJ,892
159,06/2017,Respondida,PI,1372
160,06/2017,Respondida,PI,1120
161,06/2017,Respondida,CE,813
162,06/2017,Respondida,CE,1167
163,06/2017,Respondida,PE,1889
164,06/2017,Resolvido,CE,1031
165,06/2017,Respondida,CE,1622
166,07/2017,Respondida,PI,2023
167,07/2017,Respondida,CE,570
168,07/2017,Respondida,CE,846
169,07/2017,Resolvido,CE,308
170,07/2017,Resolvido,PR,557
171,07/2017,Não resolvido,PI,466
172,07/2017,Respondida,PI,526
173,07/2017,Respondida,MA,1149
174,07/2017,Respondida,CE,334
175,07/2017,Respondida,CE,1799
176,07/2017,Respondida,PE,691
177,07/2017,Não resolvido,CE,2105
178,07/2017,Resolvido,RN,272
179,07/2017,Respondida,RJ,1789
180,07/2017,Resolvido,PE,768
181,07/2017,Resolvido,CE,562
182,08/2017,Resolvido,CE,1649
183,08/2017,Resolvido,CE,405
184,08/2017,Resolvido,RN,301
185,08/2017,Respondida,CE,1941
186,08/2017,Não resolvido,CE,1950
187,08/2017,Respondida,PE,5462
188,08/2017,Não resolvido,CE,2240
189,08/2017,Respondida,CE,1447
190,08/2017,Não resolvido,RN,1152
191,08/2017,Resolvido,CE,1887
192,08/2017,Respondida,CE,3054
193,08/2017,Resolvido,MG,1054
194,08/2017,Respondida,CE,807
195,08/2017,Não resolvido,CE,949
196,08/2017,Resolvido,CE,1419
197,08/2017,Respondida,CE,380
198,09/2017,Resolvido,CE,399
199,09/2017,Respondida,RN,338
200,09/2017,Não resolvido,CE,2280
201,09/2017,Respondida,CE,172
202,09/2017,Resolvido,CE,2034
203,09/2017,Respondida,CE,1304
204,09/2017,Resolvido,RJ,2935
205,09/2017,Respondida,SP,497
206,09/2017,Respondida,PE,472
207,09/2017,Resolvido,PB,1195
208,09/2017,Em réplica,BA,198
209,09/2017,Resolvido,SP,305
210,09/2017,Respondida,RN,297
211,09/2017,Resolvido,PE,1076
212,09/2017,Respondida,PE,467
213,09/2017,Resolvido,PB,940
214,09/2017,Respondida,MA,1106
215,09/2017,Respondida,CE,1401
216,09/2017,Resolvido,CE,342
217,10/2017,Respondida,CE,1101
218,10/2017,Respondida,CE,1257
219,10/2017,Resolvido,CE,739
220,10/2017,Respondida,RN,804
221,10/2017,Em réplica,CE,193
222,10/2017,Respondida,CE,981
223,10/2017,Respondida,CE,2198
224,10/2017,Respondida,CE,642
225,10/2017,Respondida,CE,290
226,10/2017,Respondida,CE,705
227,10/2017,Respondida,MA,1398
228,10/2017,Respondida,MA,979
229,10/2017,Não resolvido,CE,1258
230,10/2017,Resolvido,CE,326
231,11/2017,Não resolvido,PE,129
232,11/2017,Respondida,RJ,363
233,11/2017,Respondida,CE,1468
234,11/2017,Respondida,CE,673
235,11/2017,Respondida,CE,1186
236,11/2017,Respondida,CE,614
237,11/2017,Respondida,CE,906
238,11/2017,Respondida,CE,643
239,11/2017,Em réplica,CE,477
240,11/2017,Respondida,SP,515
241,11/2017,Não resolvido,CE,1362
242,11/2017,Respondida,MA,537
243,11/2017,Respondida,PB,1387
244,11/2017,Resolvido,RN,749
245,11/2017,Resolvido,CE,209
246,11/2017,Resolvido,CE,102
247,11/2017,Resolvido,CE,1163
248,11/2017,Resolvido,CE,289
249,12/2017,Resolvido,RN,1915
250,12/2017,Respondida,CE,598
251,12/2017,Resolvido,BA,234
252,12/2017,Respondida,PB,1550
253,12/2017,Respondida,CE,657
254,12/2017,Resolvido,SP,1370
255,12/2017,Respondida,MA,1509
256,12/2017,Em réplica,SP,500
257,12/2017,Respondida,MA,1392
258,12/2017,Respondida,CE,192
259,01/2018,Resolvido,CE,724
260,01/2018,Respondida,CE,1011
261,01/2018,Em réplica,PI,484
262,01/2018,Respondida,PE,1109
263,01/2018,Em réplica,PE,101
264,01/2018,Respondida,CE,1515
265,01/2018,Resolvido,CE,1461
266,01/2018,Respondida,SP,577
267,01/2018,Não resolvido,CE,2123
268,01/2018,Respondida,CE,799
269,01/2018,Não resolvido,CE,813
270,01/2018,Em réplica,PE,1724
271,01/2018,Em réplica,CE,900
272,01/2018,Respondida,CE,1290
273,01/2018,Resolvido,CE,702
274,02/2018,Respondida,CE,435
275,02/2018,Resolvido,CE,3400
276,02/2018,Em réplica,RJ,115
277,02/2018,Respondida,CE,1644
278,02/2018,Em réplica,RN,1437
279,02/2018,Em réplica,CE,1296
280,02/2018,Respondida,SP,225
281,02/2018,Respondida,PE,1855
282,02/2018,Em réplica,CE,1812
283,02/2018,Resolvido,CE,2009
284,02/2018,Resolvido,CE,386
285,02/2018,Resolvido,CE,390
286,02/2018,Resolvido,CE,248
287,02/2018,Resolvido,CE,259
288,02/2018,Resolvido,CE,241
289,03/2018,Não resolvido,CE,530
290,03/2018,Não resolvido,PE,417
291,03/2018,Não resolvido,PE,6402
292,03/2018,Resolvido,CE,1287
293,03/2018,Em réplica,CE,1433
294,03/2018,Não resolvido,CE,2470
295,03/2018,Em réplica,SP,888
296,03/2018,Em réplica,CE,925
297,03/2018,Não resolvido,PE,1160
298,03/2018,Resolvido,CE,1160
299,03/2018,Resolvido,CE,1034
300,03/2018,Resolvido,PE,666
301,03/2018,Resolvido,SP,729
302,03/2018,Resolvido,CE,419
303,03/2018,Resolvido,CE,253
304,03/2018,Em réplica,CE,496
305,03/2018,Respondida,CE,163
306,04/2018,Respondida,CE,1610
307,04/2018,Resolvido,RN,741
308,04/2018,Resolvido,RN,1126
309,04/2018,Em réplica,CE,499
310,04/2018,Resolvido,CE,963
311,04/2018,Resolvido,CE,1522
312,04/2018,Em réplica,DF,569
313,04/2018,Não resolvido,CE,620
314,04/2018,Respondida,naoconsta,2389
315,04/2018,Respondida,CE,949
316,04/2018,Resolvido,CE,2007
317,04/2018,Resolvido,CE,386
318,04/2018,Em réplica,CE,353
319,04/2018,Resolvido,PE,472
320,04/2018,Respondida,CE,1526
321,04/2018,Resolvido,CE,318
322,04/2018,Resolvido,PI,3202
323,04/2018,Respondida,CE,473
324,04/2018,Em réplica,PI,1173
325,04/2018,Não resolvido,CE,1269
326,04/2018,Respondida,CE,1720
327,04/2018,Respondida,CE,770
328,04/2018,Em réplica,SP,534
329,04/2018,Respondida,PE,1809
330,04/2018,Resolvido,CE,437
331,04/2018,Resolvido,CE,1381
332,05/2018,Respondida,PI,4105
333,05/2018,Respondida,CE,437
334,05/2018,Respondida,PB,260
335,05/2018,Resolvido,MA,463
336,05/2018,Em réplica,CE,200
337,05/2018,Resolvido,PA,875
338,05/2018,Resolvido,--,464
339,05/2018,Resolvido,CE,983
340,05/2018,Respondida,MA,370
341,05/2018,Não resolvido,PI,4576
342,05/2018,Em réplica,SE,457
343,05/2018,Resolvido,PE,869
344,05/2018,Resolvido,CE,772
345,06/2018,Resolvido,RJ,1043
346,06/2018,Em réplica,SP,593
347,06/2018,Não resolvido,RN,1189
348,06/2018,Resolvido,CE,1176
349,06/2018,Respondida,CE,929
350,06/2018,Resolvido,CE,512
351,06/2018,Resolvido,CE,1904
352,06/2018,Em réplica,PI,244
353,06/2018,Em réplica,CE,1452
354,06/2018,Respondida,CE,232
355,06/2018,Respondida,CE,1007
356,06/2018,Respondida,SP,495
357,07/2018,Não resolvido,RN,1453
358,07/2018,Resolvido,MA,594
359,07/2018,Resolvido,CE,1429
360,07/2018,Resolvido,CE,264
361,07/2018,Resolvido,PR,300
362,07/2018,Resolvido,CE,1220
363,07/2018,Resolvido,CE,784
364,07/2018,Respondida,CE,437
365,07/2018,Resolvido,SP,432
366,08/2018,Em réplica,RN,973
367,08/2018,Em réplica,CE,1664
368,08/2018,Não resolvido,CE,540
369,08/2018,Em réplica,GO,223
370,08/2018,Resolvido,CE,815
371,08/2018,Em réplica,RJ,498
372,08/2018,Resolvido,CE,1092
373,08/2018,Resolvido,PE,454
374,08/2018,Resolvido,CE,1524
375,08/2018,Não resolvido,CE,797
376,08/2018,Não resolvido,CE,906
377,08/2018,Resolvido,RS,383
378,09/2018,Em réplica,PB,933
379,09/2018,Respondida,CE,1181
380,09/2018,Em réplica,CE,477
381,09/2018,Em réplica,MA,1348
382,09/2018,Resolvido,P,149
383,09/2018,Resolvido,CE,251
384,09/2018,Resolvido,CE,100
385,09/2018,Resolvido,SP,450
386,09/2018,Resolvido,CE,123
387,09/2018,Resolvido,CE,198
388,09/2018,Respondida,PE,688
389,09/2018,Resolvido,CE,231
390,09/2018,Não resolvido,CE,878
391,10/2018,Em réplica,SP,125
392,10/2018,Resolvido,CE,945
393,10/2018,Resolvido,CE,1331
394,10/2018,Respondida,RN,1738
395,10/2018,Em réplica,CE,1590
396,10/2018,Resolvido,MA,5894
397,10/2018,Resolvido,CE,1170
398,10/2018,Resolvido,CE,458
399,11/2018,Não resolvido,PE,466
400,11/2018,Respondida,PE,799
401,11/2018,Em réplica,CE,2212
402,11/2018,Resolvido,PE,1509
403,11/2018,Resolvido,RN,521
404,11/2018,Respondida,CE,920
405,11/2018,Resolvido,PB,456
406,11/2018,Resolvido,CE,821
407,11/2018,Resolvido,CE,561
408,11/2018,Respondida,PI,985
409,11/2018,Resolvido,CE,343
410,11/2018,Resolvido,CE,1155
411,11/2018,Resolvido,CE,561
412,11/2018,Resolvido,CE,629
413,11/2018,Resolvido,CE,213
414,12/2018,Em réplica,CE,1244
415,12/2018,Resolvido,CE,1183
416,12/2018,Resolvido,RN,378
417,12/2018,Não resolvido,CE,325
418,12/2018,Resolvido,CE,568
419,12/2018,Resolvido,RN,106
420,12/2018,Resolvido,PI,354
421,12/2018,Resolvido,SP,2243
422,12/2018,Resolvido,CE,282
423,12/2018,Respondida,CE,1691
424,12/2018,Respondida,MG,890
425,12/2018,Resolvido,CE,693
426,12/2018,Resolvido,CE,1530
427,12/2018,Não resolvido,MA,1202
428,12/2018,Resolvido,CE,257
429,12/2018,Resolvido,CE,731
430,12/2018,Respondida,CE,268
431,12/2018,Não resolvido,DF,421
432,01/2019,Em réplica,PI,363
433,01/2019,Resolvido,CE,792
434,01/2019,Não resolvido,CE,1372
435,01/2019,Respondida,CE,687
436,01/2019,Resolvido,CE,738
437,01/2019,Não resolvido,PB,2501
438,01/2019,Respondida,PE,343
439,01/2019,Resolvido,CE,699
440,01/2019,Respondida,CE,385
441,01/2019,Resolvido,PE,839
442,01/2019,Não resolvido,C,1133
443,01/2019,Resolvido,CE,2520
444,01/2019,Respondida,CE,449
445,01/2019,Respondida,RN,634
446,02/2019,Resolvido,PE,532
447,02/2019,Não resolvido,MA,313
448,02/2019,Respondida,CE,515
449,02/2019,Resolvido,PE,642
450,02/2019,Em réplica,CE,1210
451,02/2019,Resolvido,CE,521
452,02/2019,Resolvido,CE,600
453,02/2019,Respondida,PB,343
454,02/2019,Em réplica,CE,83
455,03/2019,Respondida,RN,1178
456,03/2019,Resolvido,CE,1594
457,03/2019,Resolvido,CE,365
458,03/2019,Resolvido,CE,1247
459,03/2019,Resolvido,CE,347
460,03/2019,Respondida,CE,582
461,03/2019,Não resolvido,CE,744
462,03/2019,Resolvido,PI,732
463,03/2019,Em réplica,CE,1654
464,03/2019,Resolvido,CE,604
465,03/2019,Em réplica,CE,1699
466,03/2019,Respondida,RN,2706
467,03/2019,Resolvido,CE,92
468,03/2019,Não resolvido,C,1281
469,03/2019,Em réplica,CE,1933
470,03/2019,Respondida,PE,1059
471,03/2019,Respondida,CE,2900
472,04/2019,Resolvido,CE,843
473,04/2019,Resolvido,CE,392
474,04/2019,Respondida,CE,1294
475,04/2019,Resolvido,CE,526
476,04/2019,Respondida,CE,992
477,04/2019,Não resolvido,CE,420
478,04/2019,Respondida,PE,74
479,04/2019,Resolvido,CE,145
480,04/2019,Em réplica,MA,944
481,04/2019,Não resolvido,PE,1225
482,05/2019,Respondida,CE,580
483,05/2019,Resolvido,PB,1275
484,05/2019,Resolvido,CE,4050
485,05/2019,Resolvido,CE,1336
486,05/2019,Em réplica,CE,516
487,05/2019,Respondida,CE,2022
488,05/2019,Resolvido,PI,257
489,05/2019,Resolvido,CE,804
490,05/2019,Respondida,CE,229
491,06/2019,Respondida,PE,550
492,06/2019,Resolvido,CE,599
493,06/2019,Em réplica,CE,908
494,06/2019,Respondida,CE,558
495,06/2019,Em réplica,CE,452
496,06/2019,Em réplica,CE,433
497,06/2019,Resolvido,PE,474
498,06/2019,Resolvido,CE,1867
499,07/2019,Em réplica,CE,157
500,07/2019,Resolvido,CE,1274
501,07/2019,Resolvido,PE,389
502,07/2019,Resolvido,CE,622
503,07/2019,Resolvido,CE,2381
504,07/2019,Respondida,CE,1962
505,07/2019,Respondida,MA,280
506,07/2019,Resolvido,CE,179
507,07/2019,Resolvido,CE,451
508,07/2019,Resolvido,CE,337
509,07/2019,Em réplica,CE,720
510,07/2019,Em réplica,CE,262
511,08/2019,Em réplica,RN,1133
512,08/2019,Resolvido,CE,80
513,08/2019,Em réplica,CE,1338
514,08/2019,Resolvido,CE,1101
515,08/2019,Resolvido,CE,317
516,08/2019,Em réplica,MA,824
517,08/2019,Resolvido,RN,1879
518,08/2019,Em réplica,PE,720
519,08/2019,Resolvido,CE,630
520,08/2019,Resolvido,PE,484
521,08/2019,Respondida,CE,1013
522,08/2019,Não resolvido,CE,619
523,09/2019,Respondida,CE,542
524,09/2019,Não resolvido,CE,681
525,09/2019,Resolvido,PE,1394
526,09/2019,Não resolvido,CE,2495
527,09/2019,Em réplica,PB,2341
528,09/2019,Em réplica,CE,361
529,09/2019,Resolvido,CE,687
530,10/2019,Resolvido,PE,112
531,10/2019,Resolvido,CE,1983
532,10/2019,Resolvido,CE,900
533,10/2019,Resolvido,CE,697
534,10/2019,Respondida,CE,3151
535,10/2019,Resolvido,CE,1106
536,10/2019,Resolvido,MA,426
537,10/2019,Em réplica,RN,397
538,10/2019,Não resolvido,CE,509
539,10/2019,Não resolvido,CE,2618
540,11/2019,Respondida,CE,207
541,11/2019,Respondida,CE,232
542,11/2019,Resolvido,CE,1025
543,11/2019,Não resolvido,CE,1736
544,11/2019,Resolvido,CE,1108
545,11/2019,Resolvido,CE,917
546,11/2019,Resolvido,CE,1230
547,11/2019,Resolvido,CE,1008
548,12/2019,Resolvido,CE,232
549,12/2019,Resolvido,CE,969
550,12/2019,Em réplica,CE,870
551,12/2019,Respondida,CE,2478
552,12/2019,Resolvido,CE,890
553,12/2019,Resolvido,CE,832
554,12/2019,Em réplica,CE,71
555,01/2020,Não resolvido,CE,802
556,01/2020,Em réplica,CE,305
557,01/2020,Resolvido,CE,209
558,01/2020,Respondida,CE,236
559,01/2020,Resolvido,PB,1521
560,01/2020,Resolvido,PE,680
561,01/2020,Em réplica,PE,634
562,01/2020,Respondida,PA,194
563,02/2020,Resolvido,CE,619
564,02/2020,Em réplica,CE,648
565,02/2020,Resolvido,CE,1988
566,02/2020,Resolvido,RN,422
567,02/2020,Respondida,CE,1777
568,02/2020,Respondida,PA,1737
569,02/2020,Resolvido,CE,860
570,02/2020,Resolvido,CE,54
571,02/2020,Respondida,CE,1053
572,02/2020,Resolvido,PI,710
573,02/2020,Resolvido,CE,519
574,02/2020,Resolvido,CE,44
575,03/2020,Resolvido,CE,902
576,03/2020,Resolvido,CE,1111
577,03/2020,Resolvido,CE,217
578,04/2020,Respondida,PI,974
579,04/2020,Resolvido,CE,1219
580,04/2020,Respondida,CE,684
581,04/2020,Resolvido,CE,2410
582,04/2020,Resolvido,MA,1148
583,04/2020,Resolvido,CE,552
584,04/2020,Resolvido,CE,910
585,04/2020,Respondida,CE,401
586,04/2020,Respondida,CE,395
587,04/2020,Respondida,CE,244
588,04/2020,Respondida,CE,385
589,05/2020,Em réplica,CE,1177
590,05/2020,Resolvido,CE,607
591,05/2020,Respondida,CE,250
592,05/2020,Não resolvido,CE,222
593,05/2020,Em réplica,PI,1130
594,05/2020,Respondida,PE,301
595,05/2020,Resolvido,PE,209
596,05/2020,Em réplica,CE,324
597,05/2020,Resolvido,PA,1280
598,05/2020,Respondida,CE,1503
599,05/2020,Em réplica,MA,471
600,05/2020,Resolvido,RN,659
601,05/2020,Não resolvido,CE,1445
602,05/2020,Em réplica,CE,383
603,05/2020,Resolvido,CE,915
604,05/2020,Resolvido,MA,755
605,05/2020,Respondida,CE,568
606,06/2020,Em réplica,CE,1642
607,06/2020,Resolvido,CE,300
608,06/2020,Não resolvido,CE,1643
609,06/2020,Resolvido,CE,950
610,06/2020,Resolvido,CE,1673
611,06/2020,Resolvido,PE,1021
612,06/2020,Respondida,PB,103
613,06/2020,Respondida,CE,1124
614,06/2020,Não resolvido,CE,206
615,06/2020,Respondida,RN,2656
616,06/2020,Resolvido,CE,2073
617,06/2020,Em réplica,RN,337
618,06/2020,Respondida,CE,119
619,07/2020,Resolvido,CE,754
620,07/2020,Respondida,CE,626
621,07/2020,Resolvido,CE,400
622,07/2020,Respondida,PE,1254
623,07/2020,Resolvido,PE,720
624,07/2020,Não resolvido,CE,2494
625,07/2020,Resolvido,CE,1240
626,07/2020,Não resolvido,PA,233
627,07/2020,Em réplica,RN,868
628,07/2020,Respondida,CE,1520
629,07/2020,Não resolvido,CE,326
630,07/2020,Não resolvido,CE,940
631,07/2020,Resolvido,MA,311
632,07/2020,Resolvido,CE,185
633,07/2020,Em réplica,RN,214
634,07/2020,Resolvido,RN,110
635,07/2020,Resolvido,PE,1813
636,07/2020,Respondida,CE,1989
637,07/2020,Resolvido,CE,431
638,07/2020,Não resolvido,CE,825
639,07/2020,Resolvido,PI,534
640,07/2020,Resolvido,PE,194
641,08/2020,Respondida,CE,466
642,08/2020,Respondida,CE,514
643,08/2020,Resolvido,CE,265
644,08/2020,Resolvido,CE,721
645,08/2020,Não resolvido,RN,1478
646,08/2020,Resolvido,CE,1504
647,08/2020,Resolvido,SP,131
648,08/2020,Não resolvido,PI,545
649,08/2020,Resolvido,CE,186
650,08/2020,Resolvido,AM,193
651,08/2020,Resolvido,CE,271
652,08/2020,Resolvido,CE,547
653,08/2020,Respondida,PE,572
654,08/2020,Resolvido,PA,206
655,08/2020,Respondida,PE,867
656,09/2020,Resolvido,CE,971
657,09/2020,Resolvido,CE,866
658,09/2020,Respondida,MA,475
659,09/2020,Resolvido,CE,788
660,09/2020,Resolvido,CE,707
661,09/2020,Respondida,CE,1933
662,09/2020,Respondida,CE,830
663,09/2020,Respondida,CE,707
664,09/2020,Respondida,CE,221
665,09/2020,Respondida,CE,522
666,09/2020,Respondida,PB,820
667,09/2020,Respondida,CE,734
668,09/2020,Resolvido,CE,842
669,09/2020,Resolvido,CE,729
670,10/2020,Em réplica,CE,688
671,10/2020,Resolvido,PE,325
672,10/2020,Resolvido,CE,2064
673,10/2020,Resolvido,RN,643
674,10/2020,Respondida,DF,362
675,10/2020,Resolvido,CE,121
676,10/2020,Resolvido,CE,1549
677,10/2020,Respondida,CE,945
678,10/2020,Resolvido,CE,454
679,10/2020,Respondida,CE,3192
680,10/2020,Em réplica,PI,559
681,10/2020,Resolvido,MT,353
682,10/2020,Respondida,CE,220
683,11/2020,Em réplica,PB,258
684,11/2020,Não resolvido,CE,265
685,11/2020,Respondida,CE,547
686,11/2020,Resolvido,PI,1902
687,11/2020,Em réplica,MA,335
688,11/2020,Respondida,CE,227
689,11/2020,Resolvido,SP,110
690,11/2020,Resolvido,PI,1669
691,11/2020,Resolvido,CE,1432
692,11/2020,Respondida,CE,220
693,11/2020,Resolvido,CE,135
694,11/2020,Respondida,CE,336
695,11/2020,Resolvido,PE,784
696,11/2020,Respondida,CE,647
697,11/2020,Respondida,MA,475
698,11/2020,Em réplica,PA,1323
699,11/2020,Resolvido,PE,2718
700,12/2020,Em réplica,CE,820
701,12/2020,Resolvido,DF,658
702,12/2020,Em réplica,PA,540
703,12/2020,Respondida,CE,1598
704,12/2020,Em réplica,CE,1442
705,12/2020,Resolvido,PA,947
706,12/2020,Respondida,PE,1475
707,12/2020,Resolvido,CE,1771
708,12/2020,Resolvido,CE,2908
709,12/2020,Não resolvido,PI,2375
710,12/2020,Respondida,AP,1332
711,12/2020,Respondida,PB,1255
712,12/2020,Resolvido,RN,1169
713,01/2021,Resolvido,CE,1572
714,01/2021,Em réplica,CE,623
715,01/2021,Resolvido,PE,1855
716,01/2021,Não resolvido,SP,5407
717,01/2021,Resolvido,CE,659
718,01/2021,Respondida,CE,2653
719,01/2021,Em réplica,CE,1235
720,01/2021,Resolvido,RN,151
721,01/2021,Em réplica,CE,974
722,01/2021,Resolvido,CE,2165
723,01/2021,Resolvido,CE,736
724,01/2021,Resolvido,PI,622
725,01/2021,Em réplica,CE,267
726,01/2021,Resolvido,CE,1142
727,02/2021,Respondida,CE,292
728,02/2021,Em réplica,CE,1417
729,02/2021,Respondida,CE,381
730,02/2021,Respondida,PE,1074
731,02/2021,Respondida,CE,184
732,02/2021,Resolvido,C,455
733,02/2021,Respondida,CE,876
734,02/2021,Não resolvido,CE,1828
735,02/2021,Resolvido,CE,415
736,02/2021,Em réplica,CE,1025
737,02/2021,Respondida,CE,795
738,02/2021,Resolvido,PE,3235
739,03/2021,Resolvido,PE,1923
740,03/2021,Resolvido,CE,1453
741,03/2021,Resolvido,CE,1235
742,03/2021,Respondida,PE,1602
743,03/2021,Respondida,CE,660
744,03/2021,Resolvido,RN,1153
745,03/2021,Resolvido,CE,217
746,03/2021,Respondida,CE,877
747,03/2021,Resolvido,CE,284
748,03/2021,Resolvido,CE,172
749,03/2021,Respondida,PI,726
750,03/2021,Respondida,PA,1294
751,03/2021,Em réplica,CE,572
752,03/2021,Respondida,CE,1290
753,03/2021,Resolvido,PE,419
754,04/2021,Resolvido,CE,711
755,04/2021,Respondida,PI,1099
756,04/2021,Respondida,MA,423
757,04/2021,Respondida,RN,223
758,04/2021,Não resolvido,CE,1151
759,04/2021,Resolvido,BA,122
760,04/2021,Resolvido,PE,401
761,04/2021,Respondida,CE,1268
762,04/2021,Resolvido,RN,244
763,04/2021,Resolvido,CE,261
764,04/2021,Em réplica,CE,1442
765,04/2021,Resolvido,CE,195
766,04/2021,Respondida,CE,404
767,04/2021,Resolvido,CE,2168
768,04/2021,Não resolvido,RJ,553
769,04/2021,Em réplica,PE,735
770,05/2021,Resolvido,CE,922
771,05/2021,Resolvido,CE,1692
772,05/2021,Respondida,RN,738
773,05/2021,Resolvido,PE,249
774,05/2021,Resolvido,CE,928
775,05/2021,Respondida,CE,1478
776,05/2021,Resolvido,PE,1076
777,05/2021,Resolvido,PE,465
778,05/2021,Não resolvido,CE,548
779,05/2021,Resolvido,MA,902
780,05/2021,Resolvido,CE,393
781,05/2021,Respondida,CE,529
782,05/2021,Não resolvido,CE,269
783,05/2021,Respondida,CE,662
784,05/2021,Em réplica,CE,834
785,05/2021,Respondida,CE,857
786,05/2021,Resolvido,CE,122
787,05/2021,Respondida,MA,764
788,05/2021,Resolvido,RN,194
789,05/2021,Resolvido,CE,1338
790,06/2021,Em réplica,PA,986
791,06/2021,Não resolvido,CE,1587
792,06/2021,Respondida,CE,838
793,06/2021,Resolvido,CE,2320
794,06/2021,Resolvido,PB,174
795,06/2021,Respondida,CE,42
796,06/2021,Em réplica,CE,363
797,06/2021,Resolvido,PE,793
798,06/2021,Em réplica,CE,1753
799,06/2021,Respondida,PE,1693
800,06/2021,Resolvido,CE,888
801,06/2021,Resolvido,BA,68
802,06/2021,Resolvido,CE,1036
803,07/2021,Respondida,CE,926
804,07/2021,Não resolvido,CE,603
805,07/2021,Respondida,CE,741
806,07/2021,Não resolvido,PE,1808
807,07/2021,Resolvido,PI,502
808,07/2021,Respondida,CE,1230
809,07/2021,Não resolvido,CE,629
810,07/2021,Resolvido,CE,1565
811,07/2021,Resolvido,CE,1452
812,07/2021,Em réplica,CE,2292
813,07/2021,Resolvido,CE,320
814,07/2021,Respondida,RN,558
815,07/2021,Resolvido,CE,771
816,07/2021,Respondida,PA,1641
817,07/2021,Resolvido,MA,173
818,07/2021,Respondida,CE,1097
819,07/2021,Resolvido,MA,314
820,08/2021,Resolvido,PE,622
821,08/2021,Resolvido,CE,171
822,08/2021,Respondida,MA,156
823,08/2021,Resolvido,RN,197
824,08/2021,Respondida,PE,1406
825,08/2021,Resolvido,CE,1924
826,08/2021,Respondida,CE,451
827,08/2021,Respondida,CE,134
828,08/2021,Resolvido,PB,2932
829,08/2021,Respondida,CE,815
830,08/2021,Resolvido,CE,537
831,09/2021,Resolvido,CE,1538
832,09/2021,Resolvido,PE,494
833,09/2021,Resolvido,MA,952
834,09/2021,Respondida,CE,321
835,09/2021,Resolvido,CE,646
836,09/2021,Em réplica,PE,823
837,09/2021,Resolvido,CE,110
838,09/2021,Resolvido,MA,2503
839,09/2021,Resolvido,CE,337
840,09/2021,Em réplica,DF,1202
841,09/2021,Resolvido,PI,1066
842,09/2021,Resolvido,CE,384
843,09/2021,Resolvido,CE,937
844,09/2021,Respondida,CE,579
845,10/2021,Resolvido,CE,624
846,10/2021,Resolvido,CE,392
847,10/2021,Resolvido,CE,567
848,10/2021,Em réplica,CE,5663
849,10/2021,Resolvido,PA,150
850,10/2021,Resolvido,CE,440
851,10/2021,Resolvido,PI,582
852,10/2021,Respondida,BA,286
853,10/2021,Não resolvido,CE,360
854,10/2021,Resolvido,PA,340
855,10/2021,Resolvido,DF,1164
856,10/2021,Resolvido,CE,113
857,10/2021,Resolvido,CE,214
858,10/2021,Resolvido,CE,3283
859,10/2021,Não resolvido,PE,740
860,10/2021,Respondida,CE,1104
861,10/2021,Respondida,CE,664
862,11/2021,Resolvido,PE,133
863,11/2021,Resolvido,CE,213
864,11/2021,Respondida,CE,613
865,11/2021,Resolvido,PB,587
866,11/2021,Resolvido,PI,610
867,11/2021,Respondida,DF,1297
868,11/2021,Resolvido,PA,1405
869,11/2021,Respondida,CE,1278
870,11/2021,Em réplica,CE,555
871,11/2021,Em réplica,CE,968
872,11/2021,Respondida,CE,572
873,11/2021,Em réplica,CE,1182
874,11/2021,Não resolvido,PA,523
875,11/2021,Resolvido,CE,346
876,11/2021,Respondida,AM,412
877,12/2021,Resolvido,CE,583
878,12/2021,Resolvido,CE,1352
879,12/2021,Resolvido,CE,78
880,12/2021,Respondida,CE,667
881,12/2021,Respondida,CE,1045
882,12/2021,Respondida,PE,421
883,12/2021,Resolvido,PE,811
884,12/2021,Respondida,CE,2543
885,12/2021,Em réplica,PE,672
886,12/2021,Resolvido,RN,158
887,12/2021,Resolvido,CE,959
888,01/2022,Respondida,CE,411
889,01/2022,Respondida,SP,285
890,01/2022,Resolvido,PI,974
891,01/2022,Respondida,RN,793
892,01/2022,Não resolvido,CE,1904
893,01/2022,Respondida,RN,569
894,01/2022,Respondida,PA,452
895,01/2022,Resolvido,RN,715
896,01/2022,Respondida,MA,304
897,01/2022,Não resolvido,CE,1098
898,02/2022,Resolvido,MA,137
899,02/2022,Resolvido,CE,924
900,02/2022,Resolvido,CE,1454
901,02/2022,Resolvido,PE,760
902,02/2022,Resolvido,MA,852
903,02/2022,Resolvido,PE,152
904,02/2022,Respondida,CE,1964
905,02/2022,Resolvido,CE,1042
906,02/2022,Respondida,naoconsta,1818
907,02/2022,Resolvido,CE,1272
908,02/2022,Resolvido,MA,446
909,02/2022,Respondida,CE,833
910,02/2022,Resolvido,PE,821
911,02/2022,Resolvido,CE,797
912,02/2022,Respondida,CE,946
913,02/2022,Respondida,CE,277
914,03/2022,Resolvido,CE,270
915,03/2022,Resolvido,PE,1016
916,03/2022,Respondida,CE,782
917,03/2022,Respondida,CE,2120
918,03/2022,Resolvido,CE,218
919,03/2022,Resolvido,MA,1412
920,03/2022,Resolvido,CE,409
921,03/2022,Não resolvido,RN,440
922,03/2022,Resolvido,CE,873
923,03/2022,Resolvido,CE,385
924,03/2022,Resolvido,SP,552
925,03/2022,Resolvido,RN,799
926,03/2022,Respondida,CE,1086
927,04/2022,Respondida,CE,441
928,04/2022,Resolvido,PE,461
929,04/2022,Não respondida,CE,2886
930,04/2022,Em réplica,CE,756
931,04/2022,Resolvido,CE,541
932,04/2022,Respondida,CE,351
933,04/2022,Em réplica,CE,348
934,04/2022,Não resolvido,CE,3572
935,04/2022,Resolvido,PI,243
936,04/2022,Resolvido,RN,1077
937,04/2022,Não resolvido,CE,617
938,04/2022,Respondida,PI,764
939,04/2022,Resolvido,CE,1573
940,04/2022,Resolvido,CE,596
941,04/2022,Resolvido,CE,1694
942,04/2022,Respondida,CE,1284
943,05/2022,Resolvido,CE,6567
944,05/2022,Respondida,PI,257
945,05/2022,Resolvido,PA,1126
946,05/2022,Em réplica,CE,302
947,05/2022,Resolvido,C,585
948,05/2022,Respondida,CE,283
949,05/2022,Respondida,PB,536
950,05/2022,Resolvido,SP,3051
951,05/2022,Em réplica,PI,2161
952,05/2022,Respondida,CE,1088
953,05/2022,Resolvido,CE,4367
954,05/2022,Resolvido,RN,2364
955,06/2022,Respondida,CE,348
956,06/2022,Resolvido,CE,1771
957,06/2022,Resolvido,CE,516
958,06/2022,Resolvido,PB,1363
959,06/2022,Respondida,BA,1929
960,06/2022,Resolvido,CE,1143
961,06/2022,Não respondida,PI,748
962,06/2022,Não resolvido,CE,680
963,06/2022,Resolvido,CE,798
964,06/2022,Resolvido,PE,658
965,06/2022,Resolvido,PA,2359
966,06/2022,Respondida,CE,763
967,06/2022,Respondida,PE,545
968,06/2022,Respondida,CE,523
969,06/2022,Respondida,CE,515
970,07/2022,Resolvido,RN,547
971,07/2022,Não resolvido,CE,952
972,07/2022,Resolvido,CE,603
973,07/2022,Resolvido,CE,1040
974,07/2022,Respondida,CE,852
975,07/2022,Resolvido,CE,868
976,07/2022,Resolvido,CE,762
977,07/2022,Resolvido,PB,966
978,08/2022,Em réplica,PE,523
979,08/2022,Resolvido,CE,211
980,08/2022,Resolvido,PE,496
981,08/2022,Não respondida,CE,3351
982,08/2022,Não respondida,PE,123
983,08/2022,Respondida,CE,545
984,08/2022,Respondida,CE,494
985,08/2022,Respondida,CE,1444
986,08/2022,Respondida,CE,614
987,08/2022,Resolvido,CE,475
988,08/2022,Resolvido,CE,1025
989,08/2022,Respondida,PE,1498
990,08/2022,Resolvido,CE,752
991,08/2022,Em réplica,CE,3243
992,08/2022,Respondida,SP,129
993,09/2022,Resolvido,PE,1124
994,09/2022,Respondida,MA,545
995,09/2022,Resolvido,PE,746
996,10/2022,Respondida,CE,1440
997,11/2022,Resolvido,PA,919
998,12/2022,Resolvido,RN,206
999,12/2022,Respondida,CE,771
